{
  "BM25": {
    "Mid-Position": {
      "ASR@10": 0.18200000000000002,
      "ASR@50": 0.10839999999999998
    },
    "Start-Position": {
      "ASR@10": 0.034,
      "ASR@50": 0.0332
    },
    "All-Position": {
      "ASR@10": 0.268,
      "ASR@50": 0.1788
    }
  },
  "Dense": {
    "Mid-Position": {
      "ASR@10": 0.16,
      "ASR@50": 0.12360000000000002
    },
    "Start-Position": {
      "ASR@10": 0.034,
      "ASR@50": 0.0356
    },
    "All-Position": {
      "ASR@10": 0.24600000000000002,
      "ASR@50": 0.2
    }
  },
  "Hybrid": {
    "Mid-Position": {
      "ASR@10": 0.16799999999999998,
      "ASR@50": 0.1204
    },
    "Start-Position": {
      "ASR@10": 0.042,
      "ASR@50": 0.038400000000000004
    },
    "All-Position": {
      "ASR@10": 0.26,
      "ASR@50": 0.2016
    }
  }
}