{
  "bm25": {
    "retriever": "bm25",
    "stage3_retrieval": {
      "poison_presence_top_k": {
        "1": 21.8214607754734,
        "3": 68.98106402164112,
        "5": 87.8268710550045,
        "10": 98.46708746618576
      },
      "avg_rank_first_poison": 2.967948717948718,
      "rank_distribution_by_family": {}
    },
    "stage5_packing": {
      "position_survival_rates": {
        "start": 0.0,
        "early_mid": 100.0,
        "mid": 100.0,
        "late_mid": 0.0,
        "end": 0.0
      },
      "structural_survival_rates": {
        "caption": 100.0,
        "code": 100.0,
        "citation": 0.0,
        "html_comment": 0.0,
        "json_meta": 0.0,
        "table_caption": 100.0
      }
    }
  },
  "dense": {
    "retriever": "dense",
    "stage3_retrieval": {
      "poison_presence_top_k": {
        "1": 20.829576194770063,
        "3": 74.84220018034266,
        "5": 91.70423805229937,
        "10": 99.18845807033362
      },
      "avg_rank_first_poison": 2.748181818181818,
      "rank_distribution_by_family": {}
    },
    "stage5_packing": {
      "position_survival_rates": {
        "start": 0.0,
        "early_mid": 100.0,
        "mid": 100.0,
        "late_mid": 0.0,
        "end": 0.0
      },
      "structural_survival_rates": {
        "caption": 100.0,
        "code": 100.0,
        "citation": 0.0,
        "html_comment": 0.0,
        "json_meta": 0.0,
        "table_caption": 100.0
      }
    }
  },
  "splade": {
    "retriever": "splade",
    "stage3_retrieval": {
      "poison_presence_top_k": {
        "1": 1.4427412082957618,
        "3": 16.501352569882776,
        "5": 29.215509467989182,
        "10": 60.14427412082958
      },
      "avg_rank_first_poison": 5.6566716641679164,
      "rank_distribution_by_family": {}
    },
    "stage5_packing": {
      "position_survival_rates": {
        "start": 0.0,
        "early_mid": 100.0,
        "mid": 100.0,
        "late_mid": 0.0,
        "end": 0.0
      },
      "structural_survival_rates": {
        "caption": 100.0,
        "code": 100.0,
        "citation": 0.0,
        "html_comment": 0.0,
        "json_meta": 0.0,
        "table_caption": 100.0
      }
    }
  },
  "hybrid_0.2": {
    "retriever": "hybrid_0.2",
    "stage3_retrieval": {
      "poison_presence_top_k": {
        "1": 21.10009017132552,
        "3": 70.51397655545536,
        "5": 87.10550045085664,
        "10": 98.46708746618576
      },
      "avg_rank_first_poison": 2.947802197802198,
      "rank_distribution_by_family": {}
    },
    "stage5_packing": {
      "position_survival_rates": {
        "start": 0.0,
        "early_mid": 100.0,
        "mid": 100.0,
        "late_mid": 0.0,
        "end": 0.0
      },
      "structural_survival_rates": {
        "caption": 100.0,
        "code": 100.0,
        "citation": 0.0,
        "html_comment": 0.0,
        "json_meta": 0.0,
        "table_caption": 100.0
      }
    }
  },
  "hybrid_0.5": {
    "retriever": "hybrid_0.5",
    "stage3_retrieval": {
      "poison_presence_top_k": {
        "1": 21.8214607754734,
        "3": 69.79260595130748,
        "5": 87.19567177637512,
        "10": 98.46708746618576
      },
      "avg_rank_first_poison": 2.967032967032967,
      "rank_distribution_by_family": {}
    },
    "stage5_packing": {
      "position_survival_rates": {
        "start": 0.0,
        "early_mid": 100.0,
        "mid": 100.0,
        "late_mid": 0.0,
        "end": 0.0
      },
      "structural_survival_rates": {
        "caption": 100.0,
        "code": 100.0,
        "citation": 0.0,
        "html_comment": 0.0,
        "json_meta": 0.0,
        "table_caption": 100.0
      }
    }
  },
  "hybrid_0.8": {
    "retriever": "hybrid_0.8",
    "stage3_retrieval": {
      "poison_presence_top_k": {
        "1": 21.911632100991884,
        "3": 69.0712353471596,
        "5": 87.73669972948602,
        "10": 98.46708746618576
      },
      "avg_rank_first_poison": 2.9615384615384617,
      "rank_distribution_by_family": {}
    },
    "stage5_packing": {
      "position_survival_rates": {
        "start": 0.0,
        "early_mid": 100.0,
        "mid": 100.0,
        "late_mid": 0.0,
        "end": 0.0
      },
      "structural_survival_rates": {
        "caption": 100.0,
        "code": 100.0,
        "citation": 0.0,
        "html_comment": 0.0,
        "json_meta": 0.0,
        "table_caption": 100.0
      }
    }
  }
}