{
  "BM25": {
    "ASR@10": 0.2645,
    "Precision@10": 0.2645,
    "Recall@10": 0.0034041184041184035,
    "ASR@50": 0.17370000000000002,
    "Precision@50": 0.17370000000000002,
    "Recall@50": 0.01117760617760618,
    "ASR@100": 0.15825,
    "Precision@100": 0.15825,
    "Recall@100": 0.02036679536679537
  },
  "Dense": {
    "ASR@10": 0.2305,
    "Precision@10": 0.2305,
    "Recall@10": 0.0029665379665379664,
    "ASR@50": 0.1741,
    "Precision@50": 0.1741,
    "Recall@50": 0.011203346203346206,
    "ASR@100": 0.16975,
    "Precision@100": 0.16975,
    "Recall@100": 0.02184684684684685
  },
  "Hybrid": {
    "ASR@10": 0.24350000000000002,
    "Precision@10": 0.24350000000000002,
    "Recall@10": 0.003133848133848134,
    "ASR@50": 0.1814,
    "Precision@50": 0.1814,
    "Recall@50": 0.011673101673101675,
    "ASR@100": 0.1707,
    "Precision@100": 0.1707,
    "Recall@100": 0.021969111969111967
  }
}