{
  "BM25": {
    "ASR@10": 0.1305,
    "Precision@10": 0.1305,
    "Recall@10": 0.002403314917127072,
    "ASR@50": 0.12789999999999999,
    "Precision@50": 0.12789999999999999,
    "Recall@50": 0.011777163904235728,
    "ASR@100": 0.12875,
    "Precision@100": 0.12875,
    "Recall@100": 0.023710865561694293
  },
  "Dense": {
    "ASR@10": 0.10800000000000001,
    "Precision@10": 0.10800000000000001,
    "Recall@10": 0.001988950276243094,
    "ASR@50": 0.11710000000000001,
    "Precision@50": 0.11710000000000001,
    "Recall@50": 0.010782688766114181,
    "ASR@100": 0.11695,
    "Precision@100": 0.11695,
    "Recall@100": 0.021537753222836097
  },
  "Hybrid": {
    "ASR@10": 0.12300000000000001,
    "Precision@10": 0.12300000000000001,
    "Recall@10": 0.0022651933701657457,
    "ASR@50": 0.11800000000000001,
    "Precision@50": 0.11800000000000001,
    "Recall@50": 0.010865561694290976,
    "ASR@100": 0.11825000000000001,
    "Precision@100": 0.11825000000000001,
    "Recall@100": 0.021777163904235727
  }
}